ambulance_id,ambulance_type,current_latitude,current_longitude,availability_status,current_request_id,last_location_update
AMB-001,Other,18.643469,73.773718,OFFLINE,,2026-09-27 16:51:00
AMB-002,Basic Life Support,18.574975,73.749258,AVAILABLE,,2026-09-28 11:56:48
AMB-003,Advanced Life Support,18.511628,73.862706,AVAILABLE,,2026-09-28 11:58:38
AMB-004,Basic Life Support,18.463384,73.817914,AVAILABLE,,2026-09-28 11:56:57
AMB-005,Basic Life Support,18.556571,73.812006,OFFLINE,,2026-09-27 09:25:00
AMB-006,Basic Life Support,18.65592,73.776247,BUSY,REQ-004968,2026-09-28 11:59:16
AMB-007,Advanced Life Support,18.5397,73.698926,BUSY,REQ-004908,2026-09-28 11:59:04
AMB-008,Advanced Life Support,18.749874,73.859485,OFFLINE,,2026-09-27 09:33:00
AMB-009,Basic Life Support,18.569848,73.903097,OFFLINE,,2026-09-28 00:01:00
AMB-010,Basic Life Support,18.547422,73.938876,AVAILABLE,,2026-09-28 11:59:51
AMB-011,Other,18.513956,73.805287,BUSY,REQ-004930,2026-09-28 11:59:55
AMB-012,Basic Life Support,18.625969,73.79929,BUSY,REQ-004995,2026-09-28 11:59:43
AMB-013,Advanced Life Support,18.507934,73.94119,AVAILABLE,,2026-09-28 11:59:04
AMB-014,Advanced Life Support,18.546315,73.922528,AVAILABLE,,2026-09-28 11:56:59
AMB-015,Basic Life Support,18.550557,73.78879,AVAILABLE,,2026-09-28 11:58:13
AMB-016,Basic Life Support,18.519781,73.839037,AVAILABLE,,2026-09-28 11:57:02
AMB-017,Basic Life Support,18.567415,73.940683,BUSY,REQ-004922,2026-09-28 11:59:08
AMB-018,Advanced Life Support,18.558775,73.916799,AVAILABLE,,2026-09-28 11:59:35
AMB-019,Advanced Life Support,18.570225,73.977203,OFFLINE,,2026-09-28 03:33:00
AMB-020,Other,18.730863,73.675841,AVAILABLE,,2026-09-28 11:59:51
AMB-021,Basic Life Support,18.528806,73.849836,BUSY,REQ-004973,2026-09-28 11:59:26
AMB-022,Advanced Life Support,18.773942,73.880383,BUSY,REQ-004953,2026-09-28 11:59:17
AMB-023,Basic Life Support,18.662041,73.771227,BUSY,REQ-005000,2026-09-28 11:59:22
AMB-024,Advanced Life Support,18.619256,73.853477,AVAILABLE,,2026-09-28 11:57:26
AMB-025,Advanced Life Support,18.522669,73.683262,AVAILABLE,,2026-09-28 11:58:17
AMB-026,Basic Life Support,18.556577,73.792605,BUSY,REQ-004974,2026-09-28 11:59:21
AMB-027,Basic Life Support,18.558269,73.873287,AVAILABLE,,2026-09-28 11:58:19
AMB-028,Other,18.587409,73.738346,AVAILABLE,,2026-09-28 11:58:10
AMB-029,Other,18.61846,73.843303,AVAILABLE,,2026-09-28 11:58:38
AMB-030,Basic Life Support,18.563419,73.911211,AVAILABLE,,2026-09-28 11:56:56
AMB-031,Basic Life Support,18.555897,73.876271,AVAILABLE,,2026-09-28 11:57:31
AMB-032,Advanced Life Support,18.627481,73.851266,AVAILABLE,,2026-09-28 11:58:48
AMB-033,Basic Life Support,18.457461,73.862467,AVAILABLE,,2026-09-28 11:58:26
AMB-034,Basic Life Support,18.535612,73.842239,BUSY,REQ-004984,2026-09-28 11:59:03
AMB-035,Advanced Life Support,18.615662,73.804665,BUSY,REQ-004987,2026-09-28 11:59:06
AMB-036,Basic Life Support,18.51423,73.86882,AVAILABLE,,2026-09-28 11:56:05
AMB-037,Advanced Life Support,18.56055,73.721422,BUSY,REQ-004877,2026-09-28 11:59:30
AMB-038,Basic Life Support,18.572496,73.915871,AVAILABLE,,2026-09-28 11:59:11
AMB-039,Basic Life Support,18.50813,73.865524,AVAILABLE,,2026-09-28 11:58:42
AMB-040,Advanced Life Support,18.550843,73.714854,BUSY,REQ-004882,2026-09-28 11:59:41
AMB-041,Basic Life Support,18.686326,73.71049,BUSY,REQ-004905,2026-09-28 11:59:32
AMB-042,Advanced Life Support,18.576806,73.928029,AVAILABLE,,2026-09-28 11:57:08
AMB-043,Advanced Life Support,18.574108,73.986626,AVAILABLE,,2026-09-28 11:59:44
AMB-044,Advanced Life Support,18.593544,73.781958,AVAILABLE,,2026-09-28 11:56:50
AMB-045,Basic Life Support,18.595236,73.760147,OFFLINE,,2026-09-28 02:40:00
AMB-046,Basic Life Support,18.57118,73.90842,AVAILABLE,,2026-09-28 11:56:20
AMB-047,Basic Life Support,18.464881,73.810955,AVAILABLE,,2026-09-28 11:57:32
AMB-048,Basic Life Support,18.619255,73.806304,AVAILABLE,,2026-09-28 11:59:46
AMB-049,Advanced Life Support,18.656463,73.807937,BUSY,REQ-004979,2026-09-28 11:59:54
AMB-050,Basic Life Support,18.559063,73.930777,BUSY,REQ-004962,2026-09-28 11:59:27
AMB-051,Advanced Life Support,18.565689,73.77899,AVAILABLE,,2026-09-28 11:56:22
AMB-052,Advanced Life Support,18.508529,73.806675,AVAILABLE,,2026-09-28 11:58:44
AMB-053,Advanced Life Support,18.461874,73.875094,AVAILABLE,,2026-09-28 11:58:31
AMB-054,Basic Life Support,18.553123,73.932949,AVAILABLE,,2026-09-28 11:56:47
AMB-055,Advanced Life Support,18.50976,73.815639,BUSY,REQ-004970,2026-09-28 11:59:49
AMB-056,Basic Life Support,18.562995,73.915604,AVAILABLE,,2026-09-28 11:59:08
AMB-057,Basic Life Support,18.47495,73.787013,BUSY,REQ-004992,2026-09-28 11:59:25
AMB-058,Basic Life Support,18.506585,73.803371,AVAILABLE,,2026-09-28 11:58:29
AMB-059,Advanced Life Support,18.550626,73.944369,OFFLINE,,2026-09-27 09:33:00
AMB-060,Basic Life Support,18.523621,73.836395,BUSY,REQ-004999,2026-09-28 11:59:25
AMB-061,Advanced Life Support,18.550678,73.871706,AVAILABLE,,2026-09-28 11:57:36
AMB-062,Advanced Life Support,18.539314,73.738786,AVAILABLE,,2026-09-28 11:59:11
AMB-063,Basic Life Support,18.513961,73.921053,AVAILABLE,,2026-09-28 11:56:43
AMB-064,Basic Life Support,18.517994,73.841605,AVAILABLE,,2026-09-28 11:58:07
AMB-065,Advanced Life Support,18.470533,73.881337,AVAILABLE,,2026-09-28 11:59:35
AMB-066,Basic Life Support,18.7455,73.671212,AVAILABLE,,2026-09-28 11:56:55
AMB-067,Basic Life Support,18.486748,73.948246,BUSY,REQ-004923,2026-09-28 11:59:44
AMB-068,Advanced Life Support,18.513203,73.876161,AVAILABLE,,2026-09-28 11:57:13
AMB-069,Other,18.505911,73.938029,AVAILABLE,,2026-09-28 11:59:50
AMB-070,Advanced Life Support,18.534694,73.743711,BUSY,REQ-004948,2026-09-28 11:59:01
AMB-071,Basic Life Support,18.472378,73.887231,AVAILABLE,,2026-09-28 11:59:09
AMB-072,Advanced Life Support,18.445239,73.860044,AVAILABLE,,2026-09-28 11:57:48
AMB-073,Advanced Life Support,18.539629,73.837035,BUSY,REQ-004993,2026-09-28 11:59:39
AMB-074,Basic Life Support,18.457186,73.855419,AVAILABLE,,2026-09-28 11:57:30
AMB-075,Basic Life Support,18.593814,73.736219,AVAILABLE,,2026-09-28 11:56:20
AMB-076,Advanced Life Support,18.528018,73.734769,AVAILABLE,,2026-09-28 11:58:19
AMB-077,Advanced Life Support,18.561934,73.917934,AVAILABLE,,2026-09-28 11:59:20
AMB-078,Basic Life Support,18.50155,73.866741,AVAILABLE,,2026-09-28 11:58:43
AMB-079,Basic Life Support,18.746576,73.860085,AVAILABLE,,2026-09-28 11:57:58
AMB-080,Advanced Life Support,18.522413,73.92958,AVAILABLE,,2026-09-28 11:57:02
AMB-081,Advanced Life Support,18.465842,73.862055,AVAILABLE,,2026-09-28 11:59:27
AMB-082,Other,18.741817,73.670602,AVAILABLE,,2026-09-28 11:59:00
AMB-083,Advanced Life Support,18.55779,73.797135,AVAILABLE,,2026-09-28 11:58:51
AMB-084,Other,18.598956,73.757341,AVAILABLE,,2026-09-28 11:59:34
AMB-085,Advanced Life Support,18.473311,73.895043,AVAILABLE,,2026-09-28 11:58:19
AMB-086,Other,18.505518,73.850946,AVAILABLE,,2026-09-28 11:56:59
AMB-087,Advanced Life Support,18.507157,73.930489,AVAILABLE,,2026-09-28 11:58:56
AMB-088,Advanced Life Support,18.516519,73.887355,OFFLINE,,2026-09-28 03:59:00
AMB-089,Basic Life Support,18.551542,73.925212,AVAILABLE,,2026-09-28 11:57:34
AMB-090,Advanced Life Support,18.519168,73.926142,AVAILABLE,,2026-09-28 11:57:24
AMB-091,Advanced Life Support,18.502046,73.932604,AVAILABLE,,2026-09-28 11:59:39
AMB-092,Advanced Life Support,18.501417,73.8033,BUSY,REQ-004976,2026-09-28 11:59:11
AMB-093,Advanced Life Support,18.686628,73.697155,BUSY,REQ-004939,2026-09-28 11:59:43
AMB-094,Basic Life Support,18.761497,73.86236,AVAILABLE,,2026-09-28 11:58:27
AMB-095,Basic Life Support,18.470776,73.85784,AVAILABLE,,2026-09-28 11:58:33
AMB-096,Basic Life Support,18.553711,73.881562,AVAILABLE,,2026-09-28 11:57:56
AMB-097,Basic Life Support,18.511497,73.922377,OFFLINE,,2026-09-28 05:52:00
AMB-098,Basic Life Support,18.550011,73.937237,AVAILABLE,,2026-09-28 11:59:31
AMB-099,Basic Life Support,18.500556,73.932146,AVAILABLE,,2026-09-28 11:58:07
AMB-100,Other,18.459079,73.869072,AVAILABLE,,2026-09-28 11:59:33
