resource_record_id,hospital_id,total_icu_beds,available_icu_beds,total_ventilators,available_ventilators,total_oxygen_beds,available_oxygen_beds,total_general_beds,available_general_beds,last_updated_timestamp,update_source
RR-001,HSP-001,56,21,25,7,91,39,309,62,2026-09-28 11:57:02,Admin
RR-002,HSP-002,28,9,16,6,58,24,110,34,2026-09-28 11:58:44,Admin
RR-003,HSP-003,40,1,13,0,103,2,445,11,2026-09-28 11:41:49,Hospital Staff
RR-004,HSP-004,10,3,8,3,20,4,87,35,2026-09-28 11:59:36,Hospital Staff
RR-005,HSP-005,10,2,12,2,11,3,60,22,2026-09-28 11:32:40,Admin
RR-006,HSP-006,3,1,2,1,6,2,47,21,2026-09-28 11:57:37,Hospital Staff
RR-007,HSP-007,62,35,39,25,118,57,366,172,2026-09-28 07:00:24,Hospital Staff
RR-008,HSP-008,44,16,14,4,56,21,584,99,2026-09-28 11:50:22,Hospital Staff
RR-009,HSP-009,19,3,0,0,34,14,88,18,2026-09-28 11:59:03,Hospital Staff
RR-010,HSP-010,40,10,13,4,39,15,121,25,2026-09-28 04:37:56,Admin
RR-011,HSP-011,10,0,8,2,18,3,125,26,2026-09-28 11:57:44,Admin
RR-012,HSP-012,33,10,29,11,99,38,374,85,2026-09-28 11:56:16,Hospital Staff
RR-013,HSP-013,23,10,21,6,31,8,95,32,2026-09-28 11:47:00,Hospital Staff
RR-014,HSP-014,17,0,25,0,48,1,268,7,2026-09-28 04:02:39,Hospital Staff
RR-015,HSP-015,18,6,7,2,24,9,124,21,2026-09-28 11:33:50,Hospital Staff
RR-016,HSP-016,18,7,9,2,20,8,92,21,2026-09-28 11:52:08,Simulation
RR-017,HSP-017,4,1,0,0,8,2,50,14,2026-09-28 11:55:47,Hospital Staff
RR-018,HSP-018,22,9,6,2,21,4,59,19,2026-09-28 11:58:05,Admin
RR-019,HSP-019,39,17,18,6,87,18,261,94,2026-09-28 07:00:30,Hospital Staff
RR-020,HSP-020,67,35,35,22,97,63,374,239,2026-09-28 05:53:35,Hospital Staff
RR-021,HSP-021,18,4,3,1,37,14,95,23,2026-09-28 11:32:26,Hospital Staff
RR-022,HSP-022,19,3,7,3,26,7,64,15,2026-09-28 05:14:40,Simulation
RR-023,HSP-023,12,0,4,0,25,1,134,4,2026-09-28 11:56:45,Admin
RR-024,HSP-024,22,6,24,5,56,20,120,24,2026-09-28 11:43:07,Hospital Staff
RR-025,HSP-025,4,1,2,0,6,1,45,16,2026-09-28 11:56:35,Hospital Staff
